word,AoA,percentage_known,Prevalence,concreteness,valence,arousal,dominance
corsage,8,0.93,1.42,4.38,6.3,3.4,5.55
rump,6,0.98,1.99,4.81,5.81,4.79,5.09
intuition,10,1.0,2.44,1.67,6.42,4.81,5.84
spooky,2,1.0,2.42,2.25,4.4,6.0,4.48
cause,2,1.0,2.44,2.43,5.14,3.48,5.17
spear,2,0.99,2.24,5.0,4.43,4.7,5.0
go,2,0.99,2.16,3.15,6.32,4.86,5.33
inherent,14,0.99,2.23,1.64,5.95,3.71,5.68
casino,6,0.99,2.1,4.77,4.68,6.05,4.84
fixation,12,0.99,2.25,1.67,4.11,4.11,3.73
revision,10,1.0,2.43,2.74,4.62,4.19,6.23
manner,4,1.0,2.43,1.62,5.86,3.52,5.45
dull,2,0.99,2.11,2.37,3.4,1.67,4.71
visibility,6,0.99,2.31,3.04,6.0,3.09,5.67
remember,2,0.99,2.27,2.41,6.5,3.14,6.31
jewel,2,1.0,2.44,4.96,6.68,3.83,5.1
skin,2,1.0,2.43,4.79,5.78,3.25,5.0
conclusion,6,1.0,2.44,2.11,4.8,3.95,6.63
cynicism,13,0.98,1.98,1.78,3.41,5.0,4.79
say,2,0.99,2.24,2.58,5.91,4.43,6.88
latrine,12,0.94,1.48,4.62,4.0,3.82,5.56
stitch,4,1.0,2.44,4.32,4.95,3.36,5.11
courtesy,6,0.99,2.23,1.77,6.79,4.3,5.96
receive,2,1.0,2.44,2.69,7.14,4.3,6.79
truck,2,0.99,2.24,4.84,5.16,3.76,5.43
garden,2,1.0,2.58,4.73,7.25,3.71,6.13
presumptuous,12,0.99,2.23,1.63,4.1,3.47,4.81
myriad,12,0.96,1.65,2.12,5.52,3.52,5.41
lifetime,4,0.99,2.25,2.15,7.3,4.52,5.09
ledge,4,1.0,2.34,4.72,5.24,4.95,4.36
inactive,8,0.99,2.31,3.17,4.24,3.05,5.04
immortality,8,1.0,2.44,1.52,5.42,4.9,5.45
satellite,6,1.0,2.43,4.73,5.56,5.17,4.53
blatant,14,0.98,1.95,2.08,3.68,4.62,5.45
butt,2,0.98,2.06,4.75,5.36,5.2,5.68
drawer,2,0.99,2.2,4.67,4.67,3.0,5.71
menopause,12,1.0,2.44,3.19,1.89,3.55,4.32
empire,4,1.0,2.43,3.0,5.36,4.59,5.95
dresser,6,0.99,2.31,4.96,5.28,2.58,4.96
parrot,2,1.0,2.43,5.0,6.79,4.65,4.25
prawn,13,0.95,1.61,4.62,4.82,2.79,4.76
insult,4,1.0,2.43,2.79,2.62,5.3,3.96
obsess,12,0.97,1.88,2.14,3.23,4.95,4.1
inability,6,0.99,2.24,2.0,3.0,3.5,3.4
acceleration,6,0.99,2.17,2.97,6.19,6.73,5.76
look,2,1.0,2.33,2.96,5.95,3.76,5.88
estimate,6,1.0,2.58,2.65,5.95,3.41,5.43
bet,2,1.0,2.44,3.1,4.95,4.76,5.5
insistence,12,0.98,1.94,2.25,5.0,5.63,5.33
peel,2,0.99,2.32,4.61,4.68,3.71,5.57
scurvy,10,0.99,2.17,3.43,2.76,5.18,4.12
narcotic,4,1.0,2.33,4.04,3.52,4.38,3.45
consumption,10,1.0,2.44,3.16,4.65,3.76,6.0
deceitful,10,0.99,2.13,2.13,2.6,5.18,4.11
homemade,4,1.0,2.44,2.9,7.38,4.08,6.75
nameless,6,0.99,2.19,1.83,2.79,2.8,4.58
pea,2,1.0,2.44,4.9,6.0,2.41,5.0
sculpture,6,0.99,2.33,4.79,6.5,3.48,5.62
celestial,10,0.99,2.12,2.86,6.76,4.68,5.18
tiresome,8,1.0,2.44,2.08,3.86,2.52,4.73
ownership,2,1.0,2.58,2.42,5.85,4.41,7.53
route,2,1.0,2.44,3.88,5.86,3.83,5.23
arrogance,10,0.99,2.17,1.74,2.55,4.65,5.0
stallion,4,0.99,2.25,4.72,6.35,4.77,6.56
resistance,8,0.99,2.32,2.68,3.74,5.23,3.92
bronco,6,0.94,1.51,4.75,5.83,4.25,4.28
unrelenting,10,0.98,2.03,2.04,3.53,4.86,5.18
sling,4,0.99,2.33,4.52,4.26,4.9,5.73
encore,10,0.99,2.13,2.81,6.9,4.09,5.52
speaker,2,1.0,2.58,4.69,5.32,4.35,5.47
ravioli,6,0.99,2.11,4.89,5.95,3.39,5.73
senior,6,0.99,2.16,2.97,4.79,3.44,5.26
brother,2,0.99,2.24,4.43,6.18,4.48,5.46
aura,13,0.98,1.95,2.67,6.45,4.7,5.65
flatter,6,0.99,2.32,2.14,6.1,4.61,6.0
strain,4,1.0,2.42,3.0,3.71,4.78,4.08
emblem,6,0.99,2.15,4.3,6.0,2.67,5.46
emphasis,10,0.99,2.25,2.12,5.26,4.1,5.0
flutter,4,0.99,2.21,3.4,5.7,4.86,5.37
layer,6,1.0,2.42,3.52,5.2,3.45,6.04
caste,12,0.92,1.37,2.67,4.0,3.38,3.64
interior,6,1.0,2.44,3.59,5.79,3.86,5.54
precious,4,1.0,2.43,2.0,6.84,3.64,5.75
medicinal,8,0.99,2.1,2.1,5.45,5.87,5.16
exonerate,12,0.96,1.68,1.75,5.44,3.83,5.82
pedal,2,0.99,2.26,4.44,5.16,3.89,6.06
civics,6,0.97,1.82,2.21,5.33,3.85,5.05
hive,2,1.0,2.58,4.83,4.0,4.28,5.71
twosome,8,0.97,1.79,3.28,6.52,5.2,4.82
pal,4,0.97,1.83,3.93,6.67,3.25,5.11
flour,2,0.99,2.32,4.97,5.25,3.26,5.86
coconut,2,1.0,2.43,4.79,6.55,4.67,5.76
dollar,2,1.0,2.44,4.93,7.39,5.57,5.07
vacate,6,0.97,1.84,3.39,4.1,4.9,4.67
adept,14,0.96,1.66,2.23,6.14,4.17,6.5
tenderfoot,6,0.89,1.21,2.74,4.26,3.16,4.95
rag,2,1.0,2.58,4.67,4.21,2.65,4.45
wax,2,1.0,2.43,4.97,4.68,3.64,6.2
shank,10,0.99,2.18,4.18,3.4,4.9,4.09
necessity,4,0.99,2.1,2.08,5.32,4.55,4.75
snow,2,1.0,2.33,4.85,6.78,4.57,5.62
bawl,4,0.95,1.59,3.52,3.58,4.86,4.14
abstinence,14,0.98,2.03,1.72,3.43,3.15,5.64
beige,10,0.99,2.18,3.41,5.26,2.6,5.05
crocodile,4,1.0,2.58,4.83,3.15,6.48,3.47
frosting,2,1.0,2.43,4.86,7.33,4.4,5.73
unplug,4,0.99,2.18,4.19,4.8,3.25,5.59
virility,12,0.93,1.42,1.85,5.91,4.14,5.26
searchlight,8,0.98,1.99,4.63,5.35,3.65,5.45
heartbreak,6,1.0,2.43,2.15,2.45,5.65,3.58
dorm,8,0.98,2.02,4.41,5.16,4.29,5.13
salesgirl,2,0.91,1.31,4.46,6.26,4.45,5.63
suggestive,6,1.0,2.43,2.0,4.95,4.44,5.68
believable,4,1.0,2.34,1.46,6.89,4.05,5.3
system,6,0.99,2.26,2.94,5.5,3.38,5.65
diplomacy,10,0.99,2.32,2.04,5.53,5.22,5.42
watcher,4,0.99,2.15,4.17,5.21,4.81,5.09
forensic,14,0.99,2.13,2.62,4.42,5.06,4.75
impressive,6,1.0,2.58,2.07,7.05,4.1,6.08
squeeze,2,1.0,2.58,3.75,4.85,3.91,6.0
get,2,0.99,2.26,2.38,6.09,3.67,5.65
bowling,4,1.0,2.34,4.56,6.68,4.05,5.2
may,4,1.0,2.44,3.0,5.55,3.19,5.94
metaphor,12,0.99,2.17,1.94,6.11,4.14,5.36
numerous,6,0.99,2.31,2.57,5.35,3.39,6.25
radar,6,1.0,2.58,4.57,5.32,4.55,5.63
desertion,6,0.96,1.75,1.93,4.0,3.67,4.05
enterprising,12,0.99,2.26,1.86,5.52,4.33,6.2
dishonesty,6,0.99,2.19,1.9,2.05,5.39,4.32
heartburn,6,0.99,2.24,3.39,2.9,4.0,4.25
slave,2,1.0,2.44,4.38,2.06,4.53,2.61
chime,6,0.99,2.26,4.4,6.05,4.1,6.21
bid,4,1.0,2.33,2.71,5.16,4.0,5.67
caller,6,0.99,2.32,3.96,5.52,3.41,5.44
camper,4,1.0,2.43,4.63,5.21,4.53,5.52
wobbly,6,0.98,1.95,3.15,4.71,4.77,4.38
houseboat,6,0.98,2.02,4.74,6.15,5.75,5.69
unending,6,0.98,1.98,1.93,3.16,4.36,4.77
appreciate,6,1.0,2.58,2.23,7.33,3.1,7.0
happiness,2,1.0,2.42,2.6,8.48,6.5,7.05
anticipation,10,0.99,2.24,1.93,5.26,5.39,5.53
fore,8,0.97,1.82,2.52,5.05,4.32,5.52
tidy,6,1.0,2.42,3.03,6.24,2.86,6.75
thumb,4,1.0,2.58,4.96,5.62,3.84,5.79
tissue,2,0.99,2.33,4.93,5.3,3.1,5.32
reminisce,10,0.95,1.62,2.39,6.67,4.09,6.04
improvement,4,0.99,2.18,2.6,6.53,4.95,6.6
wallow,10,0.97,1.83,3.11,4.33,4.3,4.53
bluejay,4,0.95,1.57,4.97,6.64,3.43,5.0
bleed,2,0.99,2.08,4.4,2.47,5.0,3.75
soil,2,1.0,2.34,4.87,5.21,2.76,5.18
freshness,4,0.99,2.12,2.12,7.43,4.1,6.29
feedback,8,0.99,2.32,2.48,5.91,4.17,5.58
gladiator,10,1.0,2.58,4.82,5.21,5.05,4.86
unaffected,8,0.99,2.1,1.77,4.84,3.32,6.45
twig,2,0.98,2.02,4.75,5.47,3.18,5.23
adverse,12,1.0,2.34,2.23,3.68,3.89,3.35
cherry,2,1.0,2.33,4.62,7.05,4.91,5.63
attempt,6,1.0,2.34,2.22,6.0,4.94,5.67
simpleton,8,0.96,1.73,3.12,4.53,3.18,4.11
rig,8,0.99,2.33,4.0,4.32,4.52,5.39
wad,8,0.94,1.51,3.93,4.16,4.11,4.41
vengeance,8,0.99,2.1,2.04,2.53,5.23,4.04
stowaway,4,0.98,1.9,3.72,4.35,4.23,4.83
bout,8,0.93,1.45,3.0,3.9,3.67,5.3
utter,6,0.99,2.13,3.03,4.76,3.9,5.33
restitution,12,0.97,1.84,2.36,5.81,4.1,5.57
cleanliness,6,0.99,2.32,2.63,7.21,4.05,6.95
lapel,8,0.94,1.54,4.56,5.74,3.17,5.21
chastity,12,0.99,2.08,2.0,4.0,4.52,5.62
avenue,2,0.99,2.23,4.0,5.74,3.3,5.18
wedge,6,1.0,2.34,4.41,4.74,3.24,5.04
abiding,12,0.99,2.07,2.07,5.57,3.59,6.6
veterinarian,6,0.98,2.01,4.46,6.67,3.39,5.24
bathing,4,0.99,2.14,4.07,6.14,3.23,6.93
mortician,8,0.97,1.76,4.3,3.56,3.33,3.59
glass,2,1.0,2.44,4.82,5.48,3.14,5.42
effective,6,0.99,2.25,2.04,6.95,3.95,7.2
jaguar,4,0.99,2.06,4.9,5.63,5.55,5.1
etiquette,8,0.99,2.24,2.15,6.0,3.71,5.65
jellyfish,2,0.99,2.33,4.93,4.9,3.73,4.0
paperback,4,0.99,2.25,4.57,6.5,4.84,5.48
cult,14,1.0,2.43,2.71,2.77,5.48,3.61
cerebral,8,0.98,1.96,2.22,4.95,3.7,6.76
handy,2,0.99,2.25,1.88,6.19,3.62,6.16
begrudge,12,0.98,2.0,1.89,3.95,4.47,5.33
epitome,13,0.96,1.68,1.8,5.67,4.23,6.14
erase,4,0.99,2.23,3.79,4.89,3.55,5.42
worm,2,0.99,2.2,4.9,4.86,3.5,5.22
scratch,2,0.99,2.31,4.16,4.95,4.35,4.5
reset,2,1.0,2.44,3.0,4.65,3.17,5.86
tibia,10,0.92,1.35,4.48,4.41,3.52,5.56
meat,2,1.0,2.43,4.9,6.62,4.3,5.58
province,8,0.99,2.12,3.1,5.14,3.33,5.18
anaconda,10,0.98,2.0,4.93,4.43,6.0,4.08
bumblebee,2,0.99,2.2,4.96,5.43,4.38,4.74
popular,4,0.99,2.26,2.16,5.71,4.74,5.19
deprivation,10,0.99,2.26,1.96,2.58,4.57,3.38
duo,12,0.99,2.07,3.7,6.45,3.75,5.75
road,2,1.0,2.43,4.75,5.59,3.81,6.0
establish,6,1.0,2.43,2.0,5.58,3.72,6.29
fireplace,2,0.99,2.17,4.68,5.95,5.2,5.56
sweeten,2,0.98,2.06,3.62,6.26,4.71,5.74
leftover,2,0.99,2.2,4.15,4.59,4.27,5.54
police,2,1.0,2.58,4.79,4.59,5.95,3.44
grinder,6,1.0,2.33,4.12,4.77,5.24,5.09
revenue,8,1.0,2.44,3.11,7.0,4.78,5.68
considerable,8,1.0,2.34,2.14,6.0,3.86,6.52
coincide,10,1.0,2.43,2.26,5.27,3.88,5.25
switchblade,6,0.99,2.17,5.0,3.45,5.71,4.44
swindler,6,0.98,1.89,3.37,2.33,4.82,3.86
harmless,2,1.0,2.43,1.9,6.59,3.5,5.85
throttle,6,0.99,2.31,4.24,5.55,5.36,5.71
girlie,6,0.87,1.13,2.93,5.35,4.95,5.54
cleavage,14,1.0,2.44,4.64,5.53,6.29,5.71
career,6,1.0,2.43,2.54,6.11,4.24,6.17
freshman,4,1.0,2.33,3.79,5.05,3.82,3.78
chipper,10,0.99,2.18,3.22,5.95,4.75,5.18
ship,2,1.0,2.58,4.87,6.14,3.94,5.84
capsule,4,1.0,2.43,4.52,5.6,3.45,5.56
cahoots,12,0.93,1.44,1.96,4.84,4.39,4.76
promenade,6,0.97,1.81,3.87,6.19,3.32,5.77
pirate,4,0.99,2.33,4.64,4.19,5.26,3.81
tree,2,1.0,2.34,5.0,7.59,2.67,5.62
manifold,12,0.94,1.5,3.58,4.8,3.22,4.91
progression,6,1.0,2.58,2.15,6.21,2.95,6.18
substation,10,0.93,1.45,3.88,4.43,3.29,5.0
foursome,6,0.98,2.02,4.0,4.14,5.17,5.29
sour,4,1.0,2.42,3.14,3.95,4.95,4.34
kickoff,2,0.99,2.14,4.41,4.95,5.0,6.11
edgy,6,0.99,2.31,1.87,4.81,4.39,4.56
bronze,6,0.99,2.24,4.47,5.81,3.62,5.4
solve,2,1.0,2.35,2.1,6.3,4.35,6.67
magnify,6,0.99,2.26,3.71,4.86,4.41,6.3
real,4,0.99,2.1,2.5,7.09,4.05,5.89
cubic,6,1.0,2.34,2.97,4.7,3.0,5.6
coordination,10,0.99,2.15,2.86,6.11,3.45,6.52
gynecologist,14,0.98,1.96,4.39,3.33,4.1,4.68
sociology,8,0.99,2.22,1.79,4.6,3.82,5.19
refuse,4,0.99,2.24,3.04,3.42,4.32,4.5
miraculous,6,0.99,2.25,1.93,6.37,6.17,4.38
barbaric,8,0.98,1.93,2.5,3.43,5.6,4.31
pope,6,0.99,2.22,4.71,5.18,4.21,4.24
upbringing,10,0.99,2.24,2.0,6.32,4.27,4.68
starry,8,0.97,1.76,4.08,7.4,3.96,5.59
asylum,8,0.99,2.2,4.41,3.24,5.55,3.52
glum,6,0.97,1.85,2.11,2.82,3.58,4.62
classic,6,1.0,2.58,2.0,6.32,3.62,6.29
fatherly,6,1.0,2.34,2.56,6.53,3.54,6.61
flatulence,14,0.98,1.89,3.88,3.79,5.95,4.35
flooring,6,1.0,2.34,4.43,5.32,3.0,6.0
chef,6,0.99,2.23,4.3,6.15,3.05,6.67
extinguisher,6,0.99,2.32,4.7,4.76,4.43,5.95
pan,2,0.99,2.1,4.86,5.15,3.05,6.0
suspension,8,0.99,2.25,3.17,4.35,4.57,5.46
public,4,1.0,2.43,2.57,5.33,3.35,4.94
eyesight,2,1.0,2.34,3.59,6.14,3.52,6.28
steamboat,4,0.99,2.25,4.9,5.52,5.14,5.6
location,4,1.0,2.58,3.0,5.77,4.58,6.19
scripture,8,1.0,2.34,3.86,5.47,2.89,5.15
aloof,10,0.98,1.97,1.46,4.59,3.09,4.63
tinfoil,4,0.97,1.88,4.96,4.79,3.25,5.0
bequeath,12,0.96,1.7,2.0,4.64,4.39,5.6
scoot,6,0.98,2.01,2.89,5.74,4.24,5.13
fiendish,12,0.97,1.82,1.79,3.95,4.72,3.89
gig,10,0.99,2.09,2.89,6.48,5.75,5.14
fraught,14,0.96,1.69,2.22,2.94,4.32,4.05
headstone,6,0.98,1.97,4.39,2.45,4.18,3.6
inspector,6,1.0,2.58,4.62,4.33,3.61,5.89
stadium,4,0.99,2.33,4.79,5.53,5.25,5.0
tussle,6,0.96,1.73,2.71,4.0,5.0,4.88
eject,12,1.0,2.44,3.22,3.95,4.42,5.18
scholarly,10,0.98,2.05,1.8,6.43,5.4,6.17
pedestrian,6,0.99,2.15,4.41,5.21,3.71,5.65
suffocate,4,0.99,2.32,3.74,2.62,6.09,3.48
conserve,10,0.99,2.32,1.96,5.9,3.75,5.86
hyacinth,12,0.83,0.93,4.5,6.0,4.4,5.62
troubled,2,1.0,2.58,1.82,3.11,4.45,3.83
mobster,6,0.98,2.0,4.13,3.05,5.14,4.04
decompression,8,0.99,2.25,3.07,3.75,2.91,4.78
romp,6,0.96,1.69,2.76,6.79,5.8,5.61
severe,6,1.0,2.35,2.43,3.21,5.43,4.05
fishy,6,0.99,2.18,2.96,4.2,3.11,3.59
chromium,10,0.93,1.42,4.33,4.8,2.9,5.08
hassle,8,1.0,2.42,2.18,2.95,3.83,4.83
charge,2,1.0,2.58,2.96,4.61,4.25,5.17
sufficient,8,0.99,2.26,1.9,6.1,3.17,6.0
methane,12,0.99,2.31,4.32,3.48,3.73,4.37
twister,6,1.0,2.44,4.44,4.25,6.0,4.89
coverage,12,1.0,2.43,2.7,5.77,3.19,5.96
pillage,12,0.96,1.71,3.22,3.79,4.65,3.79
complement,8,0.98,2.0,2.0,6.7,5.9,6.77
alias,10,0.99,2.1,2.86,5.0,4.71,5.94
mural,8,0.97,1.84,4.66,6.67,3.4,5.95
toupee,8,0.94,1.56,4.65,4.0,3.06,4.96
lighten,4,0.99,2.32,2.93,6.21,3.14,5.45
pink,2,1.0,2.58,3.93,6.68,4.35,6.74
invest,4,1.0,2.43,2.47,6.16,3.95,5.94
terrorism,8,1.0,2.58,2.79,1.6,7.42,2.69
fireworks,4,1.0,2.45,4.86,6.8,6.05,5.61
fray,10,0.98,1.94,3.18,4.26,4.5,4.12
airstrip,6,0.99,2.12,4.68,4.76,3.83,5.1
cosmetic,6,0.99,2.31,2.96,5.09,4.87,5.74
sirloin,6,0.98,2.02,4.66,7.38,4.0,5.9
contact,4,1.0,2.58,3.86,6.17,3.33,5.78
spastic,8,0.99,2.24,2.61,3.95,5.05,3.38
honorary,8,0.99,2.06,1.75,6.42,3.9,6.55
trapdoor,12,0.97,1.76,4.56,4.19,5.04,4.54
jacket,2,0.99,2.26,4.86,5.86,3.35,6.89
appendicitis,2,0.98,1.89,3.48,1.86,5.12,2.71
deposit,4,1.0,2.34,3.92,6.25,4.5,6.37
flunk,2,0.98,2.0,2.4,1.95,3.72,4.23
diva,12,0.99,2.16,3.64,3.68,4.55,5.71
ominous,12,0.98,2.06,1.93,3.95,5.57,4.48
pledge,4,1.0,2.34,2.61,5.09,3.95,6.0
downward,2,1.0,2.42,3.16,4.0,4.05,3.96
slow,2,0.99,2.25,3.28,4.0,2.89,5.39
wallpaper,2,1.0,2.58,4.62,5.38,2.81,5.64
expensive,4,1.0,2.43,3.13,3.36,6.1,6.21
assess,10,0.98,1.95,2.26,5.84,3.45,5.21
stack,2,0.99,2.22,4.3,5.33,3.33,5.86
cleat,8,0.89,1.21,4.5,4.24,3.61,5.42
tremble,4,0.99,2.24,3.61,3.18,5.32,3.79
breech,14,0.97,1.85,2.96,3.14,3.57,5.05
tubing,8,0.99,2.13,4.38,5.11,3.62,5.05
risk,2,1.0,2.43,1.63,5.17,6.43,3.89
crave,8,0.99,2.26,2.52,5.41,5.04,5.0
pin,2,1.0,2.33,4.92,5.29,3.73,5.76
graze,4,1.0,2.34,3.52,5.26,3.57,5.65
discussion,4,0.99,2.19,3.07,6.18,5.0,5.95
proclaim,10,1.0,2.43,2.36,5.38,4.84,6.1
stray,4,1.0,2.34,2.76,4.14,3.71,5.68
pelican,6,0.99,2.24,4.96,6.21,3.55,4.96
biblical,6,1.0,2.43,1.97,6.52,3.73,5.3
swag,14,0.98,2.0,3.14,5.37,4.33,5.94
epilepsy,8,0.99,2.21,3.29,2.7,5.0,2.9
marker,2,0.99,2.24,4.62,5.8,4.05,5.48
presence,6,0.99,2.18,2.72,5.75,3.6,5.59
green,2,0.99,2.27,4.07,6.29,4.07,5.64
inn,2,0.99,2.14,4.64,5.71,3.26,5.52
matrimony,8,0.99,2.17,2.11,7.0,5.77,6.32
mum,10,0.98,1.91,4.11,5.43,3.35,4.54
mouth,2,1.0,2.58,4.74,5.59,4.14,6.0
sad,2,0.99,2.23,3.07,2.1,3.49,3.84
meteor,6,0.99,2.09,4.96,5.1,5.62,3.92
kamikaze,12,0.93,1.47,3.38,3.58,4.68,3.87
particle,6,0.99,2.24,3.78,5.24,4.74,4.59
putter,6,0.96,1.71,3.42,5.42,3.17,4.88
office,2,0.99,2.32,4.93,4.54,3.05,5.16
monk,6,0.99,2.32,4.35,4.9,2.61,5.04
ballad,8,0.98,2.01,3.88,6.33,3.6,6.32
improbable,8,0.99,2.23,1.85,4.05,3.95,4.78
sassy,4,0.99,2.16,2.14,5.19,5.16,6.32
ignition,6,1.0,2.34,3.37,5.81,4.33,5.88
puffy,10,0.99,2.1,4.33,4.78,4.5,5.05
fraternity,8,0.99,2.24,2.46,4.89,4.64,5.41
knighthood,8,1.0,2.44,2.78,6.2,4.86,5.81
device,6,1.0,2.58,3.97,5.79,3.42,5.95
stare,2,0.99,2.2,4.1,4.45,4.68,6.38
steal,2,1.0,2.34,3.84,2.17,5.3,3.0
daisy,4,1.0,2.44,5.0,7.48,3.95,5.37
biology,8,1.0,2.46,3.48,6.0,4.1,4.45
frayed,10,0.98,1.98,3.79,4.05,3.2,4.6
elect,4,0.99,2.19,2.41,5.52,4.0,5.43
manual,8,1.0,2.58,4.45,4.95,3.17,6.48
drip,4,1.0,2.44,4.14,5.52,3.7,4.11
pretzel,2,0.99,2.12,4.74,6.81,5.7,5.69
summit,8,1.0,2.58,4.21,5.5,4.35,4.45
abode,12,0.98,1.92,3.92,5.28,2.9,5.05
second,2,0.99,2.31,3.3,5.23,3.48,5.35
amusement,4,0.99,2.23,2.07,7.0,4.82,6.59
hologram,12,0.99,2.19,4.35,6.22,4.23,4.64
detail,8,0.99,2.18,2.5,5.67,3.81,7.14
courthouse,6,0.99,2.18,4.86,4.61,4.2,3.5
ketchup,2,0.99,2.23,5.0,6.03,3.85,5.48
fortunate,4,0.99,2.25,2.04,7.33,3.81,5.83
endowment,10,0.99,2.06,2.89,6.0,3.67,6.15
strange,2,1.0,2.43,1.86,4.72,3.5,5.28
socialist,4,1.0,2.44,3.19,4.11,4.44,4.32
patent,6,0.99,2.1,3.32,5.34,3.64,5.79
indifferent,12,1.0,2.44,1.89,4.28,3.19,4.85
backwoods,6,0.88,1.18,3.22,5.0,2.57,5.21
gunnery,8,0.88,1.18,3.04,3.89,4.41,4.74
pituitary,10,0.94,1.52,3.33,4.79,4.4,4.91
nipple,2,0.99,2.23,4.83,5.73,5.88,5.64
elevation,6,0.99,2.24,3.79,5.67,3.57,6.06
experimentation,8,0.99,2.26,2.31,6.0,5.52,5.48
cosmic,12,0.99,2.25,2.76,7.11,5.39,4.84
procreation,14,0.99,2.25,2.71,5.14,6.04,6.67
kingpin,12,0.96,1.65,3.48,4.37,5.14,5.17
reactor,10,0.99,2.32,3.68,4.47,4.42,4.52
unfold,2,1.0,2.43,3.55,4.23,3.87,5.63
duration,8,1.0,2.43,2.08,5.43,3.3,4.81
vinyl,6,0.98,2.04,4.54,5.2,3.39,5.05
nephew,6,0.99,2.25,4.48,6.75,4.33,5.94
doom,8,0.99,2.32,1.5,3.0,6.17,2.42
infidel,12,0.97,1.78,2.03,3.9,4.52,5.0
museum,2,1.0,2.33,4.6,6.67,3.74,5.4
kinship,6,0.97,1.87,2.21,7.53,4.65,6.26
ransom,6,0.99,2.33,3.31,2.32,4.45,2.43
mutiny,6,0.98,1.92,2.24,4.2,5.18,4.56
depth,6,0.99,2.17,3.11,5.8,4.35,5.24
corn,2,0.99,2.33,4.96,5.95,3.43,5.65
chunky,6,0.99,2.24,3.69,4.1,3.41,4.14
competitive,8,1.0,2.42,1.89,5.45,5.7,5.5
faint,2,0.99,2.23,3.74,4.0,3.74,3.5
trachea,10,0.95,1.63,4.48,4.73,4.21,4.38
nap,2,1.0,2.34,4.03,6.53,4.14,5.91
artichoke,13,1.0,2.34,4.63,5.3,3.5,5.48
prevention,6,0.99,2.23,2.2,5.74,3.14,5.16
ministry,4,0.99,2.1,3.21,5.08,3.85,4.5
hot,2,0.99,2.26,4.31,5.73,4.76,5.0
pox,6,0.96,1.71,3.74,2.62,4.4,3.36
hypocrite,6,0.99,2.32,2.55,3.25,4.77,4.85
bone,4,0.99,2.31,4.9,5.24,4.75,6.0
assorted,6,0.99,2.24,3.15,5.82,3.52,5.41
quest,10,1.0,2.43,2.87,6.26,5.8,6.0
remainder,4,0.98,2.05,3.11,5.63,4.18,5.27
aspiration,8,1.0,2.58,1.81,6.26,5.0,5.94
tennis,4,1.0,2.58,4.43,5.4,3.89,5.68
gullible,12,0.98,2.01,1.78,4.16,4.06,3.59
alpine,4,0.99,2.13,3.7,5.84,3.52,5.74
secrecy,6,0.98,1.93,2.0,4.15,5.18,5.08
disloyalty,6,0.96,1.73,1.5,2.57,5.77,3.71
playback,8,0.99,2.26,3.43,5.76,3.36,6.14
conjecture,14,0.98,1.95,1.75,4.71,3.64,4.67
genetic,10,1.0,2.58,2.73,4.79,3.83,3.76
acquittal,10,0.95,1.63,2.38,6.19,4.95,5.03
lurch,12,0.97,1.86,3.41,3.9,4.09,4.38
rich,2,1.0,2.44,2.79,6.83,6.81,6.83
narrative,10,1.0,2.35,3.18,6.32,3.23,5.61
musical,2,0.99,2.23,3.72,7.68,5.63,5.43
peachy,10,1.0,2.44,2.43,6.47,4.7,5.93
snotty,6,0.99,2.08,2.39,2.85,4.52,3.91
respective,8,0.99,2.1,1.79,5.9,3.76,6.42
sizzle,4,0.99,2.06,3.48,6.14,4.39,4.85
whim,10,0.99,2.06,1.69,6.16,4.05,5.85
cardiac,10,0.99,2.16,2.81,3.73,4.9,3.95
plop,4,0.98,1.9,3.48,5.5,3.77,5.24
proof,2,1.0,2.58,2.67,6.38,4.15,7.05
rum,6,1.0,2.43,4.93,5.57,4.96,6.17
parole,6,0.98,1.93,2.66,3.25,4.91,4.38
recording,10,1.0,2.43,3.68,5.22,3.53,5.59
primate,13,0.99,2.23,4.5,5.84,2.95,4.18
exit,2,1.0,2.35,3.93,5.35,3.18,7.0
banshee,13,0.97,1.81,3.12,3.58,5.09,4.15
blockade,6,0.99,2.22,4.25,3.45,3.4,4.36
dictate,6,1.0,2.33,3.15,4.4,3.24,4.96
unofficial,6,1.0,2.44,1.61,4.45,3.59,5.22
rebirth,6,0.99,2.2,2.21,6.3,4.52,5.79
thirst,2,1.0,2.43,3.04,4.14,4.12,6.0
respond,6,1.0,2.58,2.64,5.71,3.09,6.0
scout,4,1.0,2.43,4.0,6.0,4.52,5.32
monumental,12,0.99,2.11,2.28,5.74,5.24,6.06
willow,4,0.99,2.18,4.35,5.95,2.78,4.75
affidavit,10,0.91,1.3,4.0,4.38,3.73,4.04
enthusiast,6,0.99,2.32,2.23,6.65,5.91,6.89
ordeal,10,0.99,2.22,2.04,3.84,5.14,4.65
zenith,12,0.92,1.38,2.83,5.2,3.71,5.36
unrequited,14,0.96,1.68,2.0,3.79,4.23,3.74
valley,2,0.98,2.04,4.72,6.22,2.7,5.12
nectar,6,0.99,2.25,4.63,6.8,3.95,5.83
family,2,1.0,2.33,4.23,7.25,4.35,5.98
launder,4,0.97,1.84,3.18,5.15,3.57,5.36
strength,2,0.99,2.32,2.96,6.73,5.3,7.42
erupt,6,0.98,2.0,3.7,5.14,6.41,3.32
tart,6,1.0,2.42,3.27,5.43,4.8,5.68
cord,2,0.99,2.17,4.63,5.38,4.2,5.47
scrabble,8,0.99,2.18,4.47,6.14,3.52,6.56
explosive,2,0.99,2.23,3.74,4.14,6.62,3.32
rubber,2,1.0,2.58,4.86,4.37,4.14,5.38
fragrant,6,0.98,2.02,3.35,7.05,4.85,6.0
fling,6,1.0,2.58,3.14,5.68,4.95,6.1
prank,10,0.99,2.24,2.9,4.79,5.36,4.74
sidecar,10,0.98,1.96,4.82,6.11,4.73,4.5
project,6,0.99,2.23,3.62,5.0,4.55,7.63
cartilage,8,0.99,2.13,4.71,4.17,3.53,4.08
oatmeal,2,0.99,2.23,4.93,5.47,3.1,5.65
carnage,14,0.98,2.04,3.48,3.3,5.77,5.15
reel,6,0.98,2.04,4.14,5.5,3.44,5.05
blunt,6,1.0,2.58,3.07,4.65,4.61,5.63
unemployment,4,1.0,2.44,3.11,2.32,5.59,2.95
mantle,12,1.0,2.34,4.57,5.35,2.45,5.05
assortment,4,1.0,2.44,2.5,5.64,3.88,5.79
move,2,1.0,2.43,3.25,4.95,4.24,5.12
tiptoe,2,0.99,2.25,3.89,5.32,3.76,5.74
synchronize,12,0.99,2.27,2.73,6.26,4.04,6.05
explanation,4,0.99,2.22,1.87,6.38,4.05,6.14
newscast,2,0.99,2.2,4.26,5.43,4.74,4.8
vitality,8,0.99,2.33,1.78,6.32,4.71,6.52
correspond,8,0.99,2.17,2.27,5.75,3.48,6.76
bunghole,10,0.84,1.0,3.96,3.9,4.59,5.42
craft,6,1.0,2.44,3.48,6.38,4.04,6.36
boner,8,0.97,1.78,4.34,5.33,5.15,4.8
bunker,12,0.99,2.31,4.79,4.7,4.23,4.95
shyness,4,1.0,2.35,2.0,4.43,3.0,5.9
smother,4,0.99,2.06,3.1,2.68,4.75,4.2
copier,6,0.97,1.86,4.72,4.95,3.17,6.16
winch,12,0.91,1.3,4.4,4.05,3.9,4.76
editorial,8,1.0,2.43,3.44,5.18,2.9,5.77
carnivorous,10,0.99,2.1,2.85,4.52,4.48,4.77
absent,2,0.99,2.17,2.7,4.1,3.72,4.21
cesspool,8,0.95,1.58,4.19,2.95,4.42,3.65
shape,4,0.99,2.25,3.14,5.41,3.6,5.84
ajar,6,0.96,1.74,3.27,5.0,3.26,5.28
strengthen,6,1.0,2.58,2.5,7.21,4.7,6.0
cynic,10,0.97,1.8,2.64,3.45,4.68,4.81
orifice,14,0.96,1.68,4.36,4.48,3.17,4.45
wing,2,1.0,2.58,4.86,6.15,4.32,6.5
adaptation,8,1.0,2.44,2.04,5.82,3.55,6.04
famine,8,0.99,2.11,3.55,2.95,6.1,3.09
coffin,4,0.99,2.32,4.86,2.63,4.3,3.72
woodshed,4,0.97,1.78,4.68,4.8,3.44,5.77
racism,8,0.99,2.28,2.36,1.48,5.88,4.46
engine,2,0.99,2.17,4.86,5.48,3.89,5.36
anesthetic,10,0.97,1.88,3.93,5.48,3.23,4.72
elude,10,0.97,1.88,2.65,4.62,4.0,5.05
conundrum,14,0.97,1.76,1.93,3.95,3.27,3.96
pastime,8,0.95,1.57,2.5,5.94,2.75,5.48
endorse,8,1.0,2.45,2.41,5.2,3.17,6.45
noon,2,1.0,2.58,2.67,5.38,2.87,6.22
optics,8,0.99,2.14,3.29,6.37,3.05,5.32
confess,4,1.0,2.44,2.57,4.85,4.67,5.53
bold,4,1.0,2.43,2.43,6.68,4.86,6.39
volunteer,4,1.0,2.35,3.77,7.35,3.95,6.68
sleep,2,1.0,2.44,4.44,7.22,3.6,5.3
outburst,6,1.0,2.58,2.76,4.15,6.33,4.25
size,2,1.0,2.58,3.13,5.61,3.14,5.22
wail,6,0.99,2.06,3.93,3.52,5.81,3.84
stratosphere,8,0.99,2.08,3.46,5.52,4.19,4.48
potluck,10,0.97,1.85,3.88,6.59,4.95,5.29
skid,6,0.98,2.0,4.07,4.0,4.45,4.4
livestock,4,1.0,2.44,4.7,5.95,2.95,4.68
horizon,4,0.99,2.23,4.44,6.48,4.25,4.59
weekly,6,1.0,2.34,3.28,5.43,2.86,6.04
disciplinary,8,1.0,2.44,2.0,3.6,4.56,4.58
heater,2,0.99,2.18,4.8,6.57,3.26,4.81
cardigan,14,1.0,2.33,4.96,5.95,3.24,5.44
plywood,6,0.99,2.1,4.82,4.74,2.67,5.05
underage,4,0.99,2.06,3.14,4.1,3.76,4.28
patio,6,0.99,2.24,4.89,6.61,2.55,5.64
hetero,13,0.85,1.01,2.52,4.94,4.05,4.91
convertible,6,1.0,2.35,4.46,6.79,4.72,6.21
crate,4,0.99,2.1,4.93,4.8,2.72,5.45
catapult,8,0.98,2.0,4.43,5.25,5.52,5.29
addict,10,1.0,2.58,3.14,2.86,5.33,2.74
hypnosis,8,1.0,2.34,2.78,5.72,4.1,3.08
picket,4,0.97,1.87,4.0,4.38,3.0,5.45
divert,10,0.98,2.05,2.86,4.42,4.1,5.47
stable,2,0.99,2.17,3.77,5.2,3.11,6.33
bedroom,2,1.0,2.58,4.9,7.0,4.9,6.84
hover,10,1.0,2.42,3.17,5.5,4.17,5.04
heritage,8,1.0,2.42,2.34,6.86,3.77,4.35
wishbone,4,1.0,2.43,4.68,6.2,4.0,5.21
hangover,6,1.0,2.58,3.57,2.5,6.0,4.31
fierce,6,1.0,2.44,2.62,4.0,5.7,5.7
stump,4,0.99,2.24,4.78,4.62,3.85,4.54
impertinence,12,0.96,1.75,2.28,4.37,3.35,5.6
aging,6,0.98,1.9,2.88,3.0,3.8,3.06
squander,12,0.98,2.0,2.54,3.55,3.95,4.82
severance,12,0.97,1.88,2.68,3.89,3.32,3.68
neighborhood,2,0.99,2.15,4.75,6.09,4.05,6.95
catheter,13,0.95,1.59,4.48,2.84,3.77,2.54
ale,6,0.98,2.02,4.65,5.95,4.1,5.17
rank,6,1.0,2.33,2.86,5.26,3.67,5.57
track,2,1.0,2.43,4.31,5.78,3.76,4.67
rug,2,1.0,2.34,4.79,5.0,3.24,5.68
convenient,8,0.99,2.16,1.85,7.15,3.48,5.08
physics,8,1.0,2.43,3.07,5.53,4.27,5.16
jeopardize,6,0.98,1.97,1.74,3.1,6.15,3.65
itch,2,1.0,2.58,3.15,3.11,5.0,3.86
sanity,6,0.99,2.32,1.85,5.95,4.05,6.22
stupidity,6,1.0,2.42,2.55,2.71,4.5,4.32
seize,4,0.98,2.03,3.97,3.79,4.06,5.18
urge,6,1.0,2.34,1.93,5.11,5.29,4.5
strive,6,1.0,2.34,2.07,6.32,4.62,6.35
graphite,8,0.99,2.32,4.58,5.05,3.78,5.53
inflate,8,1.0,2.44,3.34,4.3,3.3,5.28
useless,4,0.99,2.24,1.78,2.8,4.39,4.65
mask,2,1.0,2.35,4.96,4.81,3.26,5.1
impertinent,10,0.97,1.85,1.76,4.24,3.88,4.63
shroud,12,0.97,1.83,4.34,4.21,3.4,4.5
jargon,12,0.97,1.85,2.07,4.85,3.95,5.25
illustrate,4,1.0,2.43,3.31,6.24,3.78,5.73
beverage,4,1.0,2.44,4.6,7.17,3.38,6.58
wonderful,4,0.99,2.26,1.82,7.41,4.57,7.19
spray,2,1.0,2.33,4.5,5.06,4.0,6.22
humorous,4,1.0,2.44,2.23,7.81,5.33,6.8
persuade,6,1.0,2.43,2.07,5.67,3.65,6.0
madhouse,6,0.97,1.77,3.1,3.11,5.77,3.21
transit,8,0.99,2.28,3.61,4.52,4.05,5.72
holster,2,0.99,2.09,4.59,4.44,5.35,4.77
detention,8,1.0,2.43,3.26,3.28,4.57,4.2
elementary,4,1.0,2.43,2.24,6.11,3.5,4.91
bellboy,4,0.97,1.81,4.39,4.95,3.13,5.08
assertive,12,0.99,2.32,2.07,5.37,5.55,6.04
inquisitor,12,0.97,1.85,3.21,4.0,5.14,4.04
accelerate,6,1.0,2.58,3.48,6.1,6.04,6.15
boss,2,1.0,2.43,3.83,4.76,4.43,4.65
dormant,10,0.99,2.06,2.47,4.85,3.0,5.11
fork,2,0.99,2.33,4.9,5.47,3.35,6.02
nest,2,1.0,2.33,4.86,5.65,3.35,5.5
pus,6,0.83,0.94,4.52,2.52,5.0,3.55
inject,8,0.99,2.26,4.28,3.32,4.14,4.74
consult,6,0.99,2.25,3.04,5.41,3.77,5.83
short,2,1.0,2.43,3.61,5.67,2.62,4.39
unnecessary,2,0.99,2.27,1.56,4.62,3.79,4.16
name,2,0.99,2.29,3.5,5.62,3.04,5.14
seal,2,1.0,2.33,4.63,5.0,2.5,5.63
wise,2,1.0,2.43,1.97,7.42,4.46,6.86
nosy,4,0.96,1.67,2.07,3.1,4.65,5.04
ambitious,6,1.0,2.44,1.81,6.33,5.76,5.88
righteous,8,0.99,2.26,1.43,6.0,3.32,5.59
maid,4,1.0,2.33,4.64,5.38,3.19,6.2
crisp,2,0.99,2.15,3.69,5.23,3.95,6.14
plummet,14,0.97,1.82,3.12,3.95,5.04,3.31
amuck,14,0.8,0.82,1.68,4.0,4.41,3.74
comprehend,10,1.0,2.58,1.86,6.57,3.94,6.73
flotation,12,0.93,1.43,3.81,5.6,3.61,4.71
paradise,6,1.0,2.34,2.72,7.0,4.82,7.9
estate,6,0.99,2.23,4.11,5.65,3.45,5.27
opener,2,1.0,2.34,3.81,6.0,3.0,5.67
stick,2,0.99,2.23,4.59,5.27,3.81,5.82
compulsion,10,0.99,2.14,1.79,3.95,4.89,3.0
contingency,14,0.99,2.23,2.03,4.67,3.22,5.22
underhanded,8,0.99,2.13,2.45,3.53,4.33,3.18
hilltop,2,0.99,2.1,4.76,6.15,3.09,6.44
questionnaire,8,0.99,2.1,4.24,4.9,3.43,5.64
prescription,4,0.99,2.25,4.0,4.55,3.14,5.0
dryer,2,0.99,2.11,4.79,5.21,2.43,4.57
wreck,2,0.99,2.23,4.07,1.62,4.65,4.27
supposed,6,1.0,2.43,1.6,5.41,3.48,5.24
brainwash,8,1.0,2.43,2.21,3.11,5.9,2.88
extinct,8,0.99,2.1,2.53,2.74,4.55,3.42
eccentric,8,0.98,1.96,1.81,5.37,5.19,6.1
spiral,10,1.0,2.33,4.18,6.4,5.0,4.46
virgin,8,1.0,2.58,3.31,5.56,4.58,5.87
soulless,10,0.96,1.67,1.52,2.71,4.76,3.72
party,2,1.0,2.58,3.89,7.18,6.08,5.92
rash,6,1.0,2.33,4.62,3.15,3.82,3.0
burglary,2,0.99,2.31,3.64,2.26,6.33,2.85
whack,6,0.99,2.18,3.48,4.14,3.71,5.68
stripe,4,1.0,2.43,4.72,5.24,3.67,5.21
volcanic,6,1.0,2.58,3.93,4.67,5.6,3.16
trunk,2,0.99,2.13,4.71,5.02,3.51,5.46
spatial,14,0.95,1.61,1.96,4.73,3.38,5.88
manger,6,0.95,1.6,4.56,5.5,3.05,6.1
negotiation,10,1.0,2.44,2.37,6.05,4.76,6.17
vice,8,1.0,2.34,2.46,3.81,3.96,4.78
replicate,12,0.99,2.19,3.33,4.95,3.9,5.96
palate,12,0.95,1.61,3.73,5.89,2.75,4.8
quantum,12,0.98,2.04,1.9,5.15,4.67,4.85
puss,4,0.98,1.94,4.21,3.7,3.71,4.7
microwave,12,1.0,2.35,4.34,5.25,4.0,5.6
marijuana,6,0.99,2.24,4.89,3.63,4.36,4.77
pail,4,0.95,1.59,4.93,4.5,2.24,5.08
materialize,8,1.0,2.44,2.46,5.75,3.95,6.55
galore,8,0.98,2.02,1.78,5.95,3.86,6.04
bomber,4,0.99,2.24,4.45,2.84,6.24,3.94
lifeguard,2,1.0,2.33,4.47,6.35,4.64,5.73
vulgar,6,1.0,2.33,1.97,3.3,5.53,4.68
lucky,2,1.0,2.43,1.76,7.32,5.3,5.36
height,2,1.0,2.58,3.86,5.83,3.85,4.56
fiction,4,1.0,2.58,2.14,6.47,4.7,6.45
ripe,2,1.0,2.33,3.3,5.57,4.78,5.72
overdue,4,1.0,2.58,2.86,3.39,4.62,4.37
challenger,6,0.99,2.32,2.68,5.33,4.74,5.12
nifty,12,1.0,2.34,1.73,6.3,4.59,6.41
highway,2,1.0,2.58,4.72,5.19,4.28,5.14
plant,2,1.0,2.45,4.76,7.05,3.94,6.45
mutilate,8,0.99,2.13,3.86,2.0,4.96,2.91
tower,4,1.0,2.43,4.76,5.24,3.86,5.45
desecrate,14,0.94,1.56,2.56,3.05,4.12,4.1
mango,12,0.99,2.25,5.0,6.57,3.05,5.76
political,6,1.0,2.43,1.83,4.35,4.0,4.08
spinner,2,1.0,2.35,3.83,4.58,4.55,5.29
artist,2,1.0,2.44,4.24,6.76,4.1,6.95
broken,2,1.0,2.44,4.11,2.75,4.86,3.76
staircase,6,1.0,2.44,4.66,5.2,3.3,5.64
relevant,14,1.0,2.34,1.72,5.84,2.95,5.74
gunk,12,0.95,1.56,3.46,3.62,3.8,4.21
amount,2,0.99,2.19,2.74,5.42,3.53,5.39
slouch,6,0.99,2.14,3.56,3.85,3.45,4.79
install,6,0.99,2.31,3.19,5.95,3.72,6.68
poison,4,1.0,2.35,4.27,2.16,6.01,3.38
fiddler,4,1.0,2.58,4.58,5.62,3.87,5.94
overdose,4,0.99,2.32,2.83,2.67,4.92,3.16
escrow,12,0.82,0.9,2.71,4.56,3.11,4.38
sparkle,4,0.99,2.26,3.81,7.1,4.74,5.64
repression,13,0.97,1.8,1.66,2.81,4.15,4.14
transmitter,6,0.99,2.1,4.37,4.95,3.5,5.25
unprepared,2,1.0,2.43,2.07,3.11,5.09,3.75
advertise,2,0.99,2.29,2.81,5.16,4.29,5.74
wheeze,10,0.99,2.23,4.29,3.67,4.24,3.63
charger,6,1.0,2.44,4.39,5.28,3.59,5.04
pounce,6,0.99,2.33,3.66,4.67,6.22,5.52
discriminate,12,0.99,2.17,2.54,3.18,4.05,5.05
finance,6,1.0,2.44,3.36,4.81,5.6,4.57
blessed,2,0.99,2.32,2.1,7.5,3.55,5.32
reach,2,0.99,2.11,3.7,5.78,3.35,5.72
poise,6,0.98,1.91,2.39,5.5,3.77,6.2
fly,2,0.99,2.31,4.64,6.06,4.9,5.28
terrorize,8,0.99,2.15,2.84,2.5,5.95,3.05
prisoner,4,1.0,2.44,4.11,2.67,5.0,2.41
senator,6,1.0,2.33,4.59,4.32,3.75,5.84
shotgun,2,1.0,2.43,4.96,3.5,6.55,4.92
actual,4,1.0,2.34,2.22,6.22,2.75,5.54
radioactive,6,1.0,2.44,3.14,3.47,5.64,3.27
closet,2,1.0,2.34,4.83,5.1,3.55,6.63
flourish,8,0.98,2.05,2.1,7.21,5.22,6.17
ally,12,0.97,1.8,2.61,6.05,4.8,6.84
dune,8,0.97,1.85,4.46,5.35,2.76,5.15
walnut,2,0.99,2.33,4.97,6.39,2.81,4.8
reply,4,1.0,2.44,2.96,6.15,3.44,6.79
gracious,12,0.99,2.17,2.17,7.23,3.23,7.05
suede,8,0.97,1.85,4.24,5.36,2.75,5.71
diaper,4,0.99,2.12,4.82,3.71,3.41,4.14
temperamental,8,0.96,1.72,1.74,3.86,5.7,4.61
moon,2,1.0,2.33,4.9,7.0,3.43,6.11
euthanasia,14,0.98,1.89,3.08,3.3,5.18,5.4
loafer,4,0.98,1.94,4.2,4.05,3.63,5.05
crooked,4,1.0,2.35,3.79,3.17,4.18,3.18
clutch,6,1.0,2.44,3.7,4.8,4.04,5.19
magnificence,6,0.99,2.21,1.83,7.47,3.95,6.93
knot,2,1.0,2.44,4.87,4.57,3.84,6.04
user,6,1.0,2.58,3.16,3.67,3.21,5.56
forevermore,4,0.93,1.43,1.69,6.48,4.3,5.0
recruit,8,0.99,2.26,3.48,4.53,4.77,6.0
secretive,10,0.98,2.0,2.25,4.15,5.73,5.81
nine,2,1.0,2.43,4.04,5.1,3.83,5.21
monitor,6,1.0,2.42,3.65,5.05,3.86,5.81
latch,6,0.99,2.32,4.79,5.0,3.09,4.78
kit,2,1.0,2.33,4.47,6.1,3.68,6.29
shark,4,1.0,2.44,4.93,4.02,5.27,4.87
regular,4,1.0,2.58,2.4,6.09,3.65,6.74
rack,2,1.0,2.45,4.48,5.55,4.52,5.12
passage,4,0.99,2.31,3.8,5.88,3.35,5.68
hydraulic,8,0.98,2.0,3.66,5.05,4.11,4.81
scalding,6,0.98,2.02,3.07,3.02,5.21,3.91
burn,2,0.99,2.31,4.11,3.73,5.4,3.9
outrageous,10,1.0,2.58,1.8,4.19,5.35,4.56
worship,4,0.99,2.32,2.62,5.57,3.78,4.65
jumbo,4,0.99,2.09,3.24,4.9,4.24,4.92
change,2,0.99,2.23,2.89,5.09,4.05,5.81
astonish,6,0.99,2.24,1.7,5.55,5.38,6.0
peddle,6,0.97,1.86,4.04,4.89,3.52,5.22
classify,6,0.99,2.09,2.41,5.6,4.25,6.35
turnpike,4,0.97,1.83,4.38,4.89,3.55,4.76
swoop,6,0.99,2.25,3.19,5.16,5.62,5.04
clinic,6,1.0,2.44,4.24,4.95,2.95,4.52
outdoors,2,1.0,2.42,4.61,6.91,3.94,6.2
throat,2,1.0,2.34,4.97,4.76,4.2,5.84
par,8,0.97,1.81,2.26,4.85,2.94,5.67
sharpshooter,6,0.97,1.88,4.59,4.26,5.62,4.75
ingenious,6,0.99,2.17,1.89,5.61,5.45,6.6
greeting,2,1.0,2.44,3.62,5.89,4.94,6.29
squeak,2,1.0,2.44,4.07,4.95,4.79,4.62
midshipman,12,0.85,1.01,4.54,4.75,2.72,5.14
fable,4,0.99,2.18,3.07,5.75,4.09,5.9
balance,2,0.99,2.32,2.89,6.84,4.13,5.47
swap,6,0.99,2.14,3.85,5.24,3.7,5.12
boardwalk,10,0.99,2.23,4.78,6.86,4.08,6.17
retractor,12,0.97,1.76,3.21,4.95,2.81,4.74
speak,2,1.0,2.35,3.7,5.91,4.19,5.89
whittle,4,0.98,1.98,4.16,5.45,2.84,5.59
cola,14,0.99,2.33,4.79,5.67,4.29,6.0
funk,14,0.99,2.26,1.92,3.2,4.52,4.68
disdainful,14,0.96,1.71,2.11,3.13,4.7,4.48
price,2,1.0,2.43,3.63,4.94,3.4,4.61
devise,8,0.99,2.09,2.0,4.45,4.48,5.15
canister,8,0.97,1.78,4.93,4.84,3.0,5.57
evening,2,1.0,2.33,3.26,7.09,3.1,5.22
anxious,4,0.99,2.16,1.68,3.8,6.2,4.15
span,6,0.99,2.18,3.0,5.74,3.1,5.78
matinee,4,0.95,1.62,3.78,6.0,3.05,5.3
personality,4,1.0,2.58,2.08,6.14,4.5,6.71
patron,8,0.99,2.31,3.72,5.7,2.91,6.11
babe,4,0.99,2.16,3.67,6.86,4.25,6.79
whirlwind,2,1.0,2.45,4.07,4.62,6.05,3.62
share,2,0.99,2.32,2.96,6.22,3.2,6.44
science,4,1.0,2.44,2.79,6.32,5.25,6.74
subordinate,12,0.99,2.17,2.73,4.44,3.09,3.46
gossip,6,1.0,2.33,3.0,3.5,3.91,3.94
saloon,4,1.0,2.44,4.68,5.45,3.35,3.68
ancient,4,0.99,2.09,2.04,7.24,3.48,4.86
burlesque,12,0.98,1.9,3.12,5.68,5.3,4.74
brothel,14,0.99,2.06,4.23,4.63,5.4,4.88
rendezvous,8,0.98,1.89,2.75,6.3,5.1,6.17
scoop,2,0.99,2.31,4.15,5.24,3.39,6.11
starch,2,1.0,2.34,4.29,4.95,3.9,6.52
bosom,6,0.91,1.3,4.63,6.44,4.7,5.0
massive,8,1.0,2.44,3.21,5.18,5.79,5.71
monetary,12,0.99,2.24,2.96,6.32,4.46,5.62
handler,10,0.99,2.32,3.21,4.86,3.6,5.16
thermometer,2,1.0,2.33,4.96,5.22,3.36,5.32
dropout,4,0.99,2.23,3.52,3.33,4.7,3.95
soot,14,0.95,1.57,4.61,5.19,4.65,5.0
round,2,1.0,2.43,3.9,5.89,2.5,4.78
thyroid,6,0.99,2.24,4.61,4.28,3.14,3.13
ruin,4,1.0,2.58,2.59,2.32,5.4,5.16
dole,12,0.96,1.72,2.57,4.95,4.4,4.82
outdoor,6,0.98,1.99,3.93,7.33,3.55,5.2
stylist,6,0.99,2.26,4.08,6.0,3.32,5.56
lemonade,2,1.0,2.58,4.83,7.05,4.63,6.0
mermaid,2,1.0,2.34,4.5,7.05,5.58,4.33
relieve,6,1.0,2.42,2.47,7.25,3.9,6.62
sparrow,2,0.99,2.09,4.85,6.58,3.78,4.68
scholar,6,0.99,2.22,3.5,6.33,4.25,6.04
intangible,12,0.99,2.15,1.3,5.7,3.19,4.28
congenital,14,0.95,1.63,2.32,4.11,4.13,3.58
discharge,6,1.0,2.58,3.83,3.4,4.94,4.0
gamble,2,0.99,2.32,3.17,4.81,5.32,3.74
affirmative,10,0.99,2.32,1.93,5.94,3.64,6.78
happy,2,1.0,2.58,2.56,8.47,6.05,7.21
jagged,4,0.99,2.16,3.74,3.95,6.05,4.48
gentlemanly,2,0.98,1.92,2.21,6.77,3.91,7.0
surprise,2,1.0,2.58,3.24,7.44,6.57,5.17
imprint,8,0.98,2.05,3.96,5.24,2.43,5.32
swift,2,0.99,2.22,3.04,5.83,4.88,6.24
tweezers,4,1.0,2.58,4.96,4.63,4.64,6.18
splendor,6,1.0,2.34,1.59,6.95,4.0,6.07
implosion,10,0.98,2.02,3.36,3.32,5.82,3.46
balcony,4,1.0,2.43,4.68,6.11,4.0,5.09
loop,2,1.0,2.34,4.26,5.26,3.52,4.9
starlet,12,0.96,1.72,4.46,6.26,4.18,5.61
hog,2,1.0,2.58,4.66,4.55,2.9,4.68
official,6,1.0,2.44,2.54,5.75,4.04,5.45
chatter,4,1.0,2.43,3.33,5.9,4.44,5.95
catfish,2,1.0,2.43,4.85,5.24,4.26,5.79
tutor,8,0.99,2.25,4.28,5.9,2.81,6.08
refrain,10,0.99,2.31,2.61,5.3,3.47,5.23
cakewalk,12,0.91,1.29,2.64,7.33,4.04,6.2
radius,10,1.0,2.43,3.61,5.3,4.55,5.06
module,8,0.99,2.26,3.93,4.9,4.33,5.41
indecent,6,0.99,2.18,1.86,4.52,5.4,4.43
available,6,1.0,2.44,2.11,6.86,4.04,6.59
legitimacy,12,1.0,2.34,2.07,5.55,4.09,6.37
vulture,4,0.99,2.18,4.73,3.23,5.0,4.43
advice,2,1.0,2.58,2.73,5.78,3.05,5.83
alligator,2,0.99,2.17,4.96,4.23,5.36,4.1
yogurt,2,0.99,2.16,4.9,7.0,4.52,6.0
refinement,8,0.98,2.02,2.04,6.05,3.78,5.54
cheeky,12,0.99,2.32,2.03,5.7,5.47,5.57
ashtray,4,1.0,2.34,4.97,3.52,3.48,5.56
regretful,12,1.0,2.58,2.07,3.1,4.56,4.09
mausoleum,13,0.87,1.09,4.23,4.5,3.87,4.62
mourn,6,0.99,2.12,2.33,2.4,4.95,4.08
diver,4,0.99,2.17,4.69,5.66,5.42,5.9
extort,13,0.98,1.9,2.59,3.19,4.48,3.48
tuba,4,0.95,1.63,4.86,5.58,3.95,5.18
violence,6,0.99,2.23,3.07,2.71,5.95,3.24
checker,2,0.97,1.88,4.04,4.94,3.68,5.79
removal,6,1.0,2.44,3.0,4.26,3.86,4.91
gem,6,0.99,2.25,4.88,7.35,4.44,6.09
incite,8,0.98,1.93,2.47,4.76,4.77,5.67
crow,2,1.0,2.58,4.93,4.32,3.55,5.4
blueprint,6,1.0,2.58,4.77,4.95,3.71,5.96
runaway,4,1.0,2.34,3.81,4.05,3.95,4.41
photography,4,0.99,2.25,4.1,6.67,3.96,6.2
persecute,6,0.97,1.8,2.53,3.11,5.11,4.09
doctor,2,0.99,2.25,4.69,5.93,4.05,4.69
dentist,2,0.99,2.24,4.93,3.84,4.37,4.7
deplorable,12,0.96,1.68,1.78,3.9,4.73,4.0
snout,4,0.99,2.1,4.89,4.48,3.39,5.28
erosion,8,0.99,2.08,3.83,3.79,5.86,3.91
galactic,12,0.98,1.92,2.57,7.0,5.8,4.77
painful,2,0.99,2.27,3.43,2.58,5.52,3.83
parka,8,0.93,1.48,4.65,5.84,2.72,5.86
giraffe,2,1.0,2.58,4.73,6.52,2.91,5.27
deformity,8,0.99,2.32,3.59,3.18,4.71,3.82
hyperventilate,12,0.97,1.88,3.86,2.88,5.86,3.2
foxy,6,0.99,2.14,2.19,6.0,4.75,5.3
conception,12,1.0,2.58,2.24,6.0,6.09,4.44
spineless,8,0.99,2.32,2.25,2.95,4.57,4.1
imaginable,6,1.0,2.58,1.79,6.85,3.0,6.19
warp,8,1.0,2.34,3.07,5.6,5.4,5.28
son,2,1.0,2.43,4.14,6.91,4.43,5.0
writer,4,0.99,2.25,4.32,6.74,4.74,6.0
meaningful,6,0.99,2.25,1.62,6.79,3.78,6.29
sewing,4,1.0,2.43,4.4,5.05,3.45,6.26
postcard,2,0.99,2.26,4.93,5.68,4.23,6.08
sarcasm,8,0.99,2.15,1.63,4.81,5.29,5.72
overpower,2,0.98,2.05,2.59,4.14,4.96,5.58
forgetfulness,4,1.0,2.43,1.82,3.8,4.55,4.19
oppressor,10,0.99,2.13,2.76,2.81,5.48,3.0
expiration,12,0.99,2.33,2.61,3.45,4.29,3.72
tiring,6,0.99,2.17,2.52,3.68,3.55,3.78
criticize,6,0.99,2.18,2.03,2.41,5.27,4.7
trance,6,0.99,2.15,3.0,5.24,4.0,3.18
archaic,14,0.94,1.52,2.23,4.5,4.38,4.62
gravity,4,1.0,2.43,2.86,5.81,4.85,4.48
publication,6,1.0,2.34,4.41,5.48,2.79,4.63
assemblyman,13,0.91,1.32,3.74,5.0,3.12,5.21
violate,6,1.0,2.43,1.88,2.61,5.76,2.85
baron,8,0.99,2.1,4.14,3.9,3.88,4.95
interview,6,1.0,2.33,3.36,4.68,6.35,6.84
manned,12,0.96,1.68,3.52,5.14,4.47,5.71
cheese,2,1.0,2.43,4.7,6.81,3.8,7.11
tinsel,6,0.98,2.01,4.82,5.7,4.05,5.15
prance,8,0.98,2.01,3.83,6.0,5.05,6.1
foliage,12,1.0,2.33,4.67,5.68,4.25,6.21
juncture,12,0.97,1.8,3.0,5.25,4.08,5.79
troupe,8,0.92,1.38,4.0,5.24,3.7,5.62
fanciful,8,0.96,1.7,1.8,7.05,4.81,6.76
dive,2,0.99,2.24,4.03,5.81,3.79,5.75
rebound,6,0.99,2.24,2.69,5.09,4.67,5.33
nationwide,6,0.99,2.15,2.63,5.2,3.72,5.45
excitement,4,1.0,2.58,2.48,7.62,6.21,6.33
judicial,6,1.0,2.34,2.12,4.0,4.59,4.9
interpretation,8,0.99,2.24,1.4,5.6,4.21,5.43
ambassador,8,0.99,2.17,4.28,5.5,3.91,6.2
blubber,2,0.99,2.23,3.93,3.85,4.27,4.72
hangar,6,0.88,1.17,4.5,5.05,3.5,5.57
inscription,8,0.98,2.01,4.15,6.14,4.85,5.06
occur,6,1.0,2.33,1.84,6.26,3.57,4.46
design,2,0.99,2.17,3.27,6.8,3.95,5.8
seasick,4,0.99,2.15,3.18,1.89,5.0,2.39
deceptive,8,1.0,2.43,1.78,3.73,4.95,3.86
shoulder,2,1.0,2.33,4.93,5.1,2.96,4.81
tardy,4,0.99,2.08,2.31,3.47,4.3,4.35
impending,12,1.0,2.43,1.48,3.68,4.55,3.8
relocate,6,1.0,2.44,2.76,4.05,4.38,5.3
needy,6,1.0,2.33,2.28,2.9,4.68,4.27
frat,12,0.89,1.19,3.3,4.29,3.64,4.63
infernal,10,0.95,1.59,1.96,4.14,6.3,4.61
affiliation,10,1.0,2.34,1.93,5.32,3.9,5.3
peer,6,0.99,2.26,3.83,5.64,4.05,6.05
duel,4,1.0,2.43,3.79,5.05,5.55,4.82
magazine,4,1.0,2.43,5.0,6.24,4.2,7.05
flawless,10,1.0,2.43,2.52,7.05,4.05,6.55
spotty,4,0.99,2.24,2.96,4.29,4.0,4.09
sphincter,13,0.93,1.48,4.54,4.37,4.0,4.11
exaggerate,4,0.99,2.25,2.23,4.36,4.48,5.55
pistachio,8,0.99,2.14,4.93,6.09,4.68,5.48
suitcase,4,0.99,2.16,4.97,5.25,3.24,5.5
find,2,0.99,2.25,2.63,6.45,3.52,6.24
dough,4,0.99,2.33,4.79,6.0,4.1,5.96
reinforce,8,0.99,2.14,2.32,5.53,3.96,4.94
chiffon,8,0.92,1.4,4.45,6.0,4.68,5.14
ramble,8,0.99,2.33,2.54,4.32,5.0,5.89
missionary,6,1.0,2.43,3.71,5.33,4.24,5.6
nation,4,1.0,2.43,3.62,6.0,4.78,4.74
teamwork,2,1.0,2.34,2.37,6.26,4.64,5.54
laser,14,0.99,2.19,4.5,5.64,5.09,5.52
floss,8,1.0,2.43,4.41,5.0,3.48,5.69
bogus,13,0.99,2.09,2.19,2.84,5.32,3.59
dashboard,8,0.99,2.33,4.61,5.25,3.15,5.32
mitt,2,0.9,1.25,4.76,5.48,2.75,5.0
grader,10,0.95,1.58,3.37,5.26,3.38,5.17
trouble,4,1.0,2.58,2.25,2.87,5.59,4.35
crunch,2,1.0,2.34,3.36,4.79,4.17,5.0
absorb,6,1.0,2.58,3.11,5.5,4.27,5.62
trickery,6,0.99,2.25,1.9,3.53,5.12,4.57
liar,2,1.0,2.34,3.43,2.41,6.6,4.74
cub,2,0.99,2.07,4.67,6.71,3.95,4.24
vile,13,0.99,2.24,2.14,2.21,5.48,3.83
tribunal,13,0.98,1.99,2.7,4.53,3.95,4.74
marine,6,0.99,2.17,4.25,5.95,3.44,5.14
husky,2,1.0,2.58,3.59,5.29,3.71,5.04
waterworks,4,0.99,2.2,4.07,5.4,3.6,4.88
bakery,2,0.99,2.14,4.83,6.79,3.86,5.74
stout,6,0.99,2.2,3.41,5.29,3.35,4.86
chuckle,2,0.99,2.24,3.82,7.1,5.3,5.71
interrupt,6,1.0,2.44,3.0,3.26,4.36,3.93
grits,6,0.97,1.87,4.74,4.9,3.43,4.65
slum,6,0.99,2.2,4.03,2.55,4.2,3.83
pandemonium,12,0.99,2.08,2.24,4.4,6.15,3.77
hulk,12,0.98,2.02,3.39,5.45,4.9,5.64
apex,12,0.96,1.72,3.41,5.52,3.48,5.17
donate,4,0.99,2.08,2.88,6.7,3.25,6.71
autobiography,6,1.0,2.33,3.74,5.79,2.85,6.5
humid,6,0.99,2.18,3.48,3.42,3.36,4.04
postal,4,1.0,2.43,3.07,5.21,3.41,4.83
locomotive,4,1.0,2.43,4.82,5.95,5.5,5.23
pale,6,1.0,2.44,3.79,4.11,3.18,4.18
variation,8,1.0,2.43,2.46,5.53,3.9,5.57
backhand,6,0.99,2.18,3.88,3.5,4.61,4.9
solitude,10,1.0,2.33,2.07,4.76,3.18,6.53
refine,8,0.99,2.33,2.43,5.17,3.6,7.19
kiwi,12,0.99,2.33,4.86,6.11,3.65,5.5
stingy,6,0.98,2.0,2.0,2.53,4.73,4.54
robot,4,1.0,2.34,4.65,6.18,4.43,5.14
lacquer,6,0.95,1.56,4.28,4.95,3.3,5.0
handiwork,6,0.95,1.62,3.11,6.47,3.36,5.95
local,6,0.99,2.25,3.04,6.77,3.8,6.68
surfboard,2,0.99,2.31,4.57,5.53,3.75,4.8
spare,4,0.99,2.32,3.48,5.57,4.45,5.63
suspect,2,1.0,2.34,2.59,2.39,4.57,3.22
emergency,4,0.99,2.18,2.41,2.72,6.43,2.72
dine,2,0.99,2.1,3.37,6.6,4.0,6.05
arise,2,1.0,2.58,3.17,6.17,4.76,5.87
exterior,6,1.0,2.43,4.0,5.55,3.39,5.91
electrocute,6,0.96,1.71,3.82,3.27,6.0,4.42
fantastic,4,0.99,2.19,1.78,8.36,6.4,7.21
vixen,12,0.97,1.8,3.8,4.7,5.09,5.4
briar,6,0.9,1.24,4.44,4.95,4.0,4.58
wreak,13,0.95,1.56,2.83,3.5,5.33,4.54
interfere,2,0.99,2.06,2.59,3.94,4.33,4.71
hussy,12,0.93,1.44,2.54,4.4,6.05,4.27
hex,8,0.97,1.83,2.16,2.47,4.77,4.42
